平台,19
sky,9
娱乐,7
科技,7
斯凯,6
腾讯网,5
网络,4
网易,4
游戏,4
登录,4
打造,3
凤凰,3
新浪,3
魔兽争霸,3
官方,3
对战,3
速途,2
Sky,2
Club,2
品牌,2
加速,2
拓展,2
网红,2
业务,2
期货,2
管理,2
企业库,2
上线,2
SkyDrive,2
注册,2
彩票,2
男子,2
空间,2
和讯网,1
资讯,1
中国,1
及时,1
深度,1
门户,1
新闻,1
软件,1
全新,1
一代,1
SkyForm,1
CMP,1
RPG,1
大厅,1
今日,1
更名,1
OneDrive,1
客户端,1
数码,1
换电,1
获近,1
亿元,1
战略,1
投资,1
韩国现代,1
汽车,1
领投,1
印尼,1
P2P,1
借贷,1
Android,1
Skyfire,1
浏览器,1
完整,1
支持,1
Flash10.1,1
在线,1
网站,1
地址,1
怎么,1
下载,1
坠落,1
首都机场,1
T3,1
航站楼,1
跳楼,1
航空,1
测试,1
手机,1
新浪网,1
Modernsky,1
Lab,1
艺术,1
八月,1
开业,1
融合,1
理想,1
OneSky,1
网络服务,1
翻译,1
微软,1
推出,1
应用,1
Dropbox,1
竞争,1
携程,1
宣布,1
收购,1
旅行,1
搜索,1
天巡,1
估值,1
14,1
亿英镑,1
正式,1
公布,1
热词名称,数量
平台,16
娱乐,6
sky,6
登录,4
魔兽争霸,3
官方,3
对战,3
管理,2
打造,2
空间,2
SkyDrive,2
上线,2
彩票,2
软件,1
全新,1
一代,1
SkyForm,1
CMP,1
发布,1
速途,1
网络,1
Sky,1
Club,1
品牌,1
加速,1
拓展,1
网红,1
业务,1
Modernsky,1
Lab,1
艺术,1
八月,1
开业,1
融合,1
理想,1
微软,1
推出,1
应用,1
Dropbox,1
竞争,1
OneSky,1
网络服务,1
翻译,1
换电,1
获近,1
亿元,1
战略,1
投资,1
韩国现代,1
汽车,1
领投,1
印尼,1
P2P,1
借贷,1
携程,1
宣布,1
收购,1
旅行,1
搜索,1
天巡,1
估值,1
14,1
亿英镑,1
RPG,1
游戏,1
大厅,1
今日,1
测试,1
网易,1
正式,1
公布,1
在线,1
注册,1
网站,1
地址,1
斗牛,1
王者,1
首都机场,1
T3,1
航站楼,1
男子,1
跳楼,1
送医,1
更名,1
OneDrive,1
客户端,1
Android,1
Skyfire,1
浏览器,1
完整,1
支持,1
Flash10.1,1
