云顶,11
监督管理,9
委员会,9
频道,8
平台,7
中国银行,7
保险,7
娱乐,7
中国,6
银行业,6
教育,4
新华网,4
中华人民共和国,3
民政部,3
登录,3
一带,3
一路,3
棋牌,3
下载,3
官网,3
新闻网,2
男子,2
深陷,2
网络,2
赌博,2
半年,2
输掉,2
大渝网,2
腾讯网,2
精英,2
打造,2
新浪,2
广东,2
新浪网,2
河北,2
陕西,2
媒体,2
网站,2
国际,2
存管,2
上线,2
人民网,2
2017,2
金融机构,2
保障性,2
安居,2
银监会,2
办公厅,2
关于,2
印发,2
tom,1
TOM,1
COM,1
痛心,1
百万元,1
湖岭,1
景区,1
观景,1
常州,1
百度,1
地图,1
星战,1
圈层,1
社交,1
东莞,1
南方网,1
广州,1
珠三角,1
文化,1
国考,1
公务员,1
高考,1
红网,1
传媒网,1
权威,1
门户,1
注册,1
yd3456,1
最新,1
线路,1
检测,1
4118,1
线上,1
445,1
唯一,1
集团,1
4118cc,1
互金,1
协会,1
新增,1
银行,1
数据,1
全量,1
财经,1
正式,1
wbr,1
新丝路,1
资讯,1
服务平台,1
鹿泉,1
宣传,1
互动,1
网上,1
人民日报,1
博览会,1
搭建,1
交流,1
东盟,1
合作,1
走向,1
深化,1
内竟,1
百万,1
身家,1
最新版,1
安装,1
颜振豪,1
丽江,1
电影,1
首映,1
现场,1
火爆,1
方舟,1
第四届,1
全球,1
创业,1
盛典,1
鸟巢,1
系列,1
活动,1
震撼,1
举行,1
凤凰网,1
商业,1
辽源,1
书记,1
当好,1
基层,1
党员,1
领头羊,1
带动,1
党建,1
工作,1
关键,1
