娱乐,294
平台,230
真人,79
亿人,49
威尼斯人,39
注册,36
澳门,34
巴黎,26
登录,25
官网,22
网上,22
杏耀,15
名人,12
网站,12
ag,11
官方,10
网址,9
开户,9
游戏,9
首页,7
线上,7
华宇,7
娱乐城,7
在线,6
论坛,6
官方网站,6
威利斯,6
正规,6
欢迎您,6
手机,6
下载,6
用户,5
多人,5
威斯,5
娱乐网,5
app,5
恩佐,5
银河,5
赌场,5
尼人,4
进入,4
骗局,4
制作,4
指南,4
登陆,4
入口,4
华美,4
2017,4
任天堂,4
国际,4
威尼斯,4
迅游,4
恒达,4
沐鸣,4
北极星,4
视频,3
点此,3
亚洲,3
电子,3
招商,3
com,3
推荐,3
百度,3
H5,3
美高梅,3
指定,3
仲博,3
唯一,3
葡京,3
皇冠,3
恒耀,3
东森,3
互动,2
社区,2
95,2
美女秀,2
有人,2
现金,2
文官,2
主管,2
新浪,2
91,2
最佳,2
20190617G,2
网页,2
百乐,2
登入,2
信誉,2
账号,2
福建,2
公共资源,2
APP,2
凤凰,2
威尔斯,2
摩杰,2
聊天,2
第一,2
AT,2
大红鹰,2
和平,1
精英,1
安卓,1
灵敏度,1
20190607A,1
正版,1
Welcome,1
歌舞,1
不断,1
100,1
以上,1
108,1
坑人,1
不了,1
2020,1
最多人,1
棋牌,1
怎么,1
最大,1
桃源,1
YOKA,1
时尚网,1
火星人,1
建网站,1
电器,1
协会,1
党建网,1
智能,1
最新,1
学校,1
规划,1
喜爱,1
斗空网,1
年轻人,1
生活,1
Powered,1
by,1
UCenter,1
Home,1
好彩,1
欢乐,1
捕鱼,1
排名,1
徐州,1
家俱,1
制造,1
有限公司,1
娱乐场,1
授权,1
缔造,1
非凡,1
新体验,1
188,1
挂机,1
全国,1
数学试题,1
20190619G,1
83,1
4.68,1
826,1
十分满意,1
博客,1
安卓版,1
欢迎,1
视讯,1
体育,1
数学试卷,1
高考,1
久久,1
精品,1
首存,1
送彩金,1
网易娱乐,1
AG,1
深圳,1
人才网,1
0755rc,1
民谣,1
古典,1
恒运,1
4886,1
万达,1
永利,1
逛网,1
12789555,1
Ibet,1
图满,1
浦东,1
凯迪,1
XX,1
合法,1
这个,1
免费,1
法律咨询,1
华律,1
VR,1
第一产业,1
媒体,1
圈网,1
集团,1
华侨,1
软件园,1
一下,1
广告,1
买卖网,1
中国,1
权威,1
752580,1
图文,1
文库,1
dafa888,1
名人堂,1
多少,1
腾讯,1
点击,1
南方人才,1
市场,1
招聘,1
重庆,1
时时,1
资讯,1
独一无二,1
VV,1
娱乐社区,1
在线视频,1
聊天室,1
交友,1
尼斯,1
乐趣,1
攻略,1
专业,1
交流,1
犹太人,1
体验,1
那些,1
玩亚博,1
人家,1
看不起,1
投注,1
心得,1
西安,1
比诺,1
版官,1
建站网,1
下注,1
网投,1
国奥,1
凯达,1
28,1
7C,1
教育资源,1
广州,1
气象局,1
爱站,1
十大,1
主页,1
VNS,1
28377,1
无限,1
魅力,1
联网,1
kml,1
子村,1
九州,1
户个,1
码人,1
数学题,1
20190616A,1
宇宙,1
奇闻,1
奇图,1
凤凰于飞,1
__,1
易车,1
值得,1
信赖,1
美女视频,1
人网,1
客户端,1
几年,1
山东,1
理科,1
数学,1
至信,1
故事,1
分享,1
山西省,1
招生,1
考试网,1
启程,1
旅游网,1
可靠,1
世园,1
北京,1
图片,1
20190619A,1
快速,1
充值,1
通道,1
文学,1
官方网,1
真金不怕,1
地址,1
模板,1
代理,1
九九,1
文章,1
金华,1
新闻网,1
20190609E,1
晋江,1
文学城,1
168,1
总代,1
69666,1
飞度,1
太平洋,1
汽车网,1
玩电游,1
首选,1
dhy8055com,1
综合,1
查询,1
站网,1
意甲,1
国际米兰,1
新闻频道,1
VOA,1
英语网,1
热词名称,数量
娱乐,43
平台,37
电影,9
亚博,7
创始人,6
游戏,5
不能,5
未来,5
快乐,5
一个,5
京沪,5
常住人口,5
负增长,5
多城,5
放开,5
落户,5
限制,5
引才,5
怪物,5
史莱克,5
评审团,5
频道,5
腾讯网,5
澳门,4
威尼斯人,4
东游记,4
何仙姑,4
宣布,4
离婚,4
从不,4
建立,4
别人,4
身上,4
机器,4
暑期,4
上映,4
陪伴,4
一生,4
课题,4
中国外交部,4
任由,4
一些,4
恶意,4
攻击,4
抹黑,4
中美关系,4
各国,4
上海,4
竞相,4
绽放,4
光影,4
再迎,4
年节,4
消费,4
杨千,4
宣告,4
可能,4
明年,4
退休,4
人生,4
不同,4
阶段,4
发掘,4
宇石,4
网络,4
垂直,4
成为,4
制高点,4
金翅鸟,4
娱乐城,4
打死,4
人案,4
再次,4
开庭,4
案犯,4
串供,4
一夜,4
影节,4
发现,4
一座,4
宝藏,4
玩亚博,3
关于,3
媒体,2
中央,2
财经,2
就是,2
打造,2
省政府,2
国务院,2
英文,1
厨师,1
最想,1
这个,1
经济,1
工作,1
会议,1
防范,1
金融市场,1
异常,1
波动,1
亿人,1
注册,1
观察,1
美国,1
对华,1
发起,1
贸易,1
调查,1
单边主义,1
举措,1
害人,1
极深,1
千万,1
远离,1
那些,1
人家,1
看不起,1
最终,1
鱼钩,1
一害,1
一家人,1
人要,1
自己,1
明白,1
共勉,1
这种,1
人太,1
可怕,1
谨慎,1
对待,1
现实,1
逼迫,1
不要,1
相信,1
王者,1
黄金城,1
官网,1
香港,1
2020,1
登录,1
斗牛,1
帝豪,1
网上,1
互联网,1
过来人,1
告诉,1
不怎么,1
AI,1
赋能,1
生态,1
爱奇艺,1
国人,1
需求,1
底气,1
做人,1
知道,1
什么,1
猫腻,1
合法,1
质疑,1
背后,1
发展,1
令人吃惊,1
炫舞,1
属于,1
广场,1
舞人,1
残疾人,1
休闲,1
一条龙,1
充值,1
豪礼,1
娱人,1
码头,1
橘子,1
带给,1
轻型,1
国艺,1
复牌,1
3%,1
共同,1
临时,1
清盘,1
委任,1
高院,1
承认,1
水墨,1
中来,1
中国,1
动漫,1
日本,1
启动,1
啊哈,1
沙沙,1
受邀,1
出席,1
向往,1
生活,1
录制,1
收官,1
小锅,1
张子枫,1
带回家,1
调皮,1
瓢哥,1
完美,1
陌生人,1
导演,1
喜剧,1
应该,1
悲剧,1
内核,1
客服,1
阿里,1
员工,1
白血病,1
去世,1
自如,1
董事长,1
所有,1
责任,1
政法委,1
秘书长,1
人民日报,1
刊文,1
政法,1
深化改革,1
俄军,1
汽车,1
遥控,1
地雷,1
袭击,1
丧生,1
人伤,1
100,1
投保,1
21,1
270,1
婚嫁,1
哭笑不得,1
天福,1
五一,1
长假,1
贵阳,1
车站,1
预计,1
发送,1
旅客,1
38.5,1
万人,1
专访,1
驴迹,1
导游,1
低调,1
军人,1
缔造,1
旅游界,1
传奇,1
江苏省人民政府,1
政府,1
办公室,1
文件,1
办公厅,1
印发,1
取消,1
一批,1
行政许可,1
事项,1
决定,1
中共中央,1
实施,1
乡村,1
振兴,1
战略,1
意见,1
新华,1
健康,1
新华网,1
高晓松,1
山寨,1
吸毒,1
嫖娼,1
冒充,1
华闻,1
传媒,1
000793,1
股票,1
股价,1
行情,1
新闻,1
财报,1
数据,1
新浪,1
新浪网,1
