吉祥,14
娱乐,10
平台,8
厦门,4
登录,4
新华网,3
腾讯网,3
游戏,3
新闻网,2
国家知识产权局,2
电子版,2
新闻,2
门户网站,2
网站,2
网址,2
在线,2
330,2
一年,2
回报,2
6.3,2
理财,2
传销,2
让玩家,2
走火入魔,2
财经,2
湖北日报,2
频道,2
APP,1
电子游戏,1
开发,1
AG,1
捕鱼,1
手机,1
下载,1
青岛,1
2017,1
中国,1
知识产权,1
保护,1
高层论坛,1
厦门日报,1
奥一网,1
城市,1
生活圈,1
oeeee,1
com,1
欧阳奋强,1
新版,1
红楼,1
称小,1
宝玉,1
自己,1
第一,1
中华人民共和国,1
国家档案局,1
央视,1
曝光,1
学习,1
App,1
涉黄,1
网游,1
乱象,1
多个,1
处罚,1
公告,1
中华人民共和国教育部,1
政府,1
登陆,1
地址,1
注册,1
国际,1
三宝,1
小女孩,1
越来越,1
成熟,1
性感,1
阅读,1
荆楚网,1
网易,1
书画,1
陶艺,1
上海,1
艺术,1
中心,1
两大,1
联展,1
上海热线,1
猪猪,1
猪年,1
定档,1
福猪,1
送祝福,1
人民网,1
人民,1
春晚,1
吉祥物,1
设计者,1
脸上,1
长球,1
腮帮,1
搜狐,1
严厉打击,1
非正常,1
专利申请,1
行为,1
社会,1
东南,1
赵慧仙,1
不要,1
记得,1
做客,1
首发式,1
