游戏,25
大全,20
新浪,10
平台,6
腾讯网,5
天涯,5
明月刀,5
娱乐,5
app,4
QQ,3
中国,3
棋牌,3
新浪网,3
攻略,3
手游,2
官网,2
锦绣,2
天府,2
中华网,2
货架,2
电子,2
网站,2
国际,2
汇总,2
单机,2
武器,2
上古,2
卷轴,2
网页,2
获得,2
心法,2
网游,2
PVE,2
装备,2
搭配,2
电脑,1
好人,1
文明,1
中华人民共和国,1
住房,1
城乡,1
建设部,1
联盟,1
艾尔之光,1
评论,1
评价,1
中新社,1
中新网,1
一月,1
苹果,1
商店,1
最佳,1
全集,1
新版,1
天香,1
论剑,1
套路,1
连招,1
专区,1
临河,1
超值,1
钛合金,1
玻璃,1
武中强,1
天天,1
正规,1
官方网,1
集团,1
赌钱,1
澳门,1
所有,1
排行,1
注册,1
送彩金,1
彩票,1
骗术,1
资料,1
魔力宝贝,1
废柴,1
集合,1
日本,1
万人,1
票选,1
消极,1
动漫,1
角色,1
八卦,1
趣闻,1
饥荒,1
黑暗,1
英雄,1
物品,1
合成,1
尼尔,1
机械,1
纪元,1
最高,1
等级,1
数据,1
图鉴,1
电视,1
7.0,1
钓鱼,1
任务,1
图纸,1
材料,1
知己,1
知鱼,1
一条,1
魔兽,1
世界,1
完美,1
人羽,1
新篇,1
两大,1
全新,1
职业,1
揭秘,1
网络游戏,1
敌人,1
战斗,1
习惯,1
单机游戏,1
秘籍,1
畅所欲言,1
梦幻,1
西游,1
玩家,1
交流,1
盛典,1
重庆,1
研发,1
问答,1
太极,1
崛起,1
下载,1
在线,1
LOL,1
趣味,1
成语,1
守草待头,1
啥意思,1
CF,1
免费,1
钻石,1
方法,1
九婴,1
属性,1
技能,1
国内,1
2D,1
画面,1
改变,1
方式,1
腾讯,1
频道,1
全方位,1
大型,1
龙吼,1
全龙,1
效果,1
地点,1
详解,1
开户,1
白菜,1
网址,1
全省,1
人民政府,1
台湾,1
事务,1
办公室,1
热词名称,数量
平台,6
大全,5
娱乐,5
app,4
游戏,3
棋牌,3
电子,2
网站,2
畅所欲言,1
梦幻,1
西游,1
玩家,1
交流,1
盛典,1
重庆,1
研发,1
问答,1
LOL,1
趣味,1
成语,1
守草待头,1
啥意思,1
CF,1
手游,1
免费,1
获得,1
钻石,1
方法,1
一月,1
苹果,1
商店,1
最佳,1
全集,1
天天,1
国际,1
正规,1
官方网,1
集团,1
赌钱,1
澳门,1
所有,1
排行,1
注册,1
送彩金,1
彩票,1
