平台,68
宝马,65
汽车,57
全新,24
网易,21
新浪,14
凤凰网,14
腾讯网,13
打造,12
CLAR,11
推出,9
基于,9
发布,8
微软,8
前驱,8
大众,7
财经,7
MQB,6
娱乐,6
Z4,5
一代,5
新浪网,5
线上,5
照曝光,5
国内,4
奔驰,4
_...,4
上市,4
采用,4
UKL,4
系同,4
丰田,4
搜狐,3
资讯,3
开放,3
智能,3
有望,3
开发,3
视频,3
新闻,3
系谍,3
FAAR,3
正式,3
技术,3
新一代,3
X5,3
官图,3
解析,3
Supra,3
游戏,2
最新,2
下载,2
17,2
复活,2
生产,2
100,2
开放式,2
制造,2
明年,2
亚洲,2
在线,2
上线,2
网址,2
网站,2
X4,2
中国,2
GT,2
凤凰,2
OMP,2
工厂,2
X3,2
Gran,2
Coupe,2
新车,2
提升,2
效果图,2
谍照,2
亮相,2
品牌,2
网约车,2
奥迪,2
车型,2
众泰,2
两大,2
对标,2
宝马新,2
联网,2
减重,2
文明,2
tom,1
新闻网,1
TOM,1
COM,1
吉利,1
起来,1
怎么样,1
搜狐网,1
网游,1
手游,1
单机游戏,1
排行,1
大型,1
中文,1
媒体,1
停产,1
年终,1
力压,1
保时捷,1
日系,1
神车,1
回归,1
促进,1
数据,1
应用,1
提供,1
定制,1
服务,1
代号,1
G20,1
首发,1
劳斯莱斯,1
售价,1
X7,1
现身,1
供应商,1
个人,1
助理,1
实现,1
人车,1
对话,1
112222,1
第一,1
检测,1
70088,1
电子,1
世,1
app,1
怎么,1
注册,1
戴姆勒,1
EV,1
谈判,1
节省,1
79,1
亿美元,1
成本,1
成都,1
车展,1
此地,1
无垠,1
海外,1
试驾,1
BMW,1
美通,1
企业,1
日报,1
爱彼迎,1
Plus,1
国务院,1
信息,1
原创,1
推荐,1
中国政府,1
11,1
诚邀,1
加入,1
富阳,1
宝信,1
4S店,1
微信,1
浙网,1
支持,1
解决方案,1
系路试,1
内在,1
变化,1
携手,1
Azure,1
科技,1
之母,1
初见,1
移动,1
官方,1
测试,1
计划,1
出自,1
华晨,1
中华,1
V7,1
M8X,1
全面,1
加持,1
全方位,1
升级,1
空间,1
曝光,1
黄希鸣,1
三大,1
原生,1
并驾齐驱,1
满足用户,1
多重,1
需求,1
四大,1
汽车集团,1
巨资,1
电商,1
更多谍,1
2019,1
带来,1
哪些,1
惊喜,1
高空作业,1
行业,1
调研,1
报告,1
机械,1
王根党,1
MEP,1
系列,1
溢价,1
车企,1
围堵,1
上汽,1
相继,1
入局,1
出行,1
发展趋势,1
浅析,1
市面上,1
那些,1
车是,1
资源共享,1
利用,1
数字化,1
营销,1
工具,1
服务平台,1
国产,1
2020,1
第三代,1
发动机,1
MLB,1
减支,1
共用,1
详解,1
通用,1
全球,1
主要,1
整车,1
F30,1
MPV,1
竞争,1
途安,1
命名,1
多款,1
第四代,1
提前,1
两年,1
换代,1
源自,1
后驱,1
M3,1
Passat,1
联手,1
制造业,1
_..._,1
100kg,1
本田,1
运动,1
旗舰,1
大灯,1
半张,1
大溜,1
背帅,1
雅阁,1
同平,1
公斤,1
蔚揽,1
380TSI,1
旅行车,1
研发,1
最快,1
魔王,1
削减,1
数量,1
未来,1
规划,1
概览,1
辉昂,1
对比,1
A6L,1
配置,1
3.0,1
8AT,1
破百,1
4.1,1
准备,1
共享,1
混动,1
跑车,1
四川省,1
本土,1
首个,1
天府,1
运营,1
金羊网,1
华南地区,1
最出色,1
生活,1
美好,1
娱乐城,1
七大,1
视网,1
热词名称,数量
宝马,44
平台,42
全新,17
打造,10
基于,9
发布,8
CLAR,8
推出,6
娱乐,6
微软,5
线上,5
一代,4
大众,4
系同,4
汽车,3
智能,3
开发,3
有望,3
国内,3
正式,3
照曝光,3
前驱,3
奔驰,3
新一代,3
UKL,3
宝马新,3
解析,3
OMP,2
工厂,2
开放,2
100,2
Z4,2
丰田,2
Supra,2
Gran,2
Coupe,2
亚洲,2
在线,2
X4,2
MQB,2
X5,2
官图,2
后驱,2
华晨,2
M8X,2
技术,2
谍照,2
效果图,2
X3,2
测试,2
带来,2
减重,2
车型,2
未来,2
多款,2
促进,1
数据,1
应用,1
提供,1
定制,1
服务,1
支持,1
解决方案,1
生产,1
开放式,1
制造,1
携手,1
联手,1
制造业,1
联网,1
戴姆勒,1
EV,1
谈判,1
节省,1
79,1
亿美元,1
成本,1
劳斯莱斯,1
售价,1
X7,1
现身,1
最快,1
魔王,1
更多谍,1
2019,1
亮相,1
112222,1
第一,1
检测,1
70088,1
电子,1
世,1
上线,1
网址,1
app,1
怎么,1
下载,1
代号,1
G20,1
首发,1
个人,1
助理,1
明年,1
实现,1
人车,1
对话,1
成都,1
车展,1
上市,1
吉利,1
起来,1
怎么样,1
第四代,1
提前,1
两年,1
换代,1
源自,1
最新,1
中华,1
V7,1
全面,1
加持,1
十五年,1
恋爱,1
结晶,1
模块化,1
强大,1
哪里,1
系路试,1
内在,1
变化,1
准备,1
共享,1
曝光,1
M3,1
官方,1
哪些,1
惊喜,1
GT,1
公斤,1
科技,1
之母,1
初见,1
移动,1
X1,1
亮点,1
蜕变,1
前置,1
M2,1
赛道,1
削减,1
数量,1
规划,1
概览,1
新车,1
空间,1
提升,1
F30,1
命名,1
100kg,1
奥迪,1
MLB,1
减支,1
共用,1
保时捷,1
MSB,1
Passat,1
MRA,1
研发,1
级谍,1
照首,1
