娱乐,8
庆彩,7
平台,4
官网,3
20190606A,2
注册,2
五指山,1
新闻网,1
华为,1
美国,1
不了,1
高架,1
坠亡,1
摩托,1
手仅,1
17,1
登录,1
家装,1
设计,1
彩票,1
小学,1
入学,1
面试,1
要求,1
家长,1
学历,1
20190609E,1
直达,1
出口,1
网站,1
制作,1
指南,1
热词名称,数量
庆生,25
娱乐,17
国庆,14
庆祝,11
平台,10
组图,10
周年,8
生日,8
精彩,8
庆典,8
活动,8
彩车,7
庆功,6
粉丝,5
游戏,4
张灯结彩,4
精彩纷呈,4
彩民,4
新春,3
儿子,3
宣布,3
网友,3
出席,3
25,3
举行,3
怀孕,3
体彩,3
打造,3
十周年,3
六一,3
送祝福,3
郭晋安,3
视频,3
上海,3
夺冠,3
上市,2
19,2
香港,2
中国,2
爱妻,2
帅气,2
卫视,2
林心如,2
节庆,2
收视,2
橘庆,2
松浦亚,2
结婚,2
蔡依林,2
三度,2
广州,2
三周年,2
收官,2
安利,2
两个,2
各地,2
50,2
品牌,2
新店,2
入驻,2
北京,2
体育,2
成都,2
快乐,2
幼儿园,2
报道,2
网游,2
沈月,2
一天,2
微博,2
冬奥,2
新年,2
女儿,2
节目,2
惊喜,2
文化,2
期间,2
亮相,2
影视,2
行业,2
央视,2
盗版,2
国庆节,2
长假,2
新闻,2
新浪,2
新浪网,2
首次,2
首度,2
佘诗曼,2
彩票,2
今日,2
上线,2
七星,2
500,2
声音,2
戛纳,2
首日,2
女星,2
男排,2
千万,2
新专辑,2
中秋,2
Lucas,2
天安门广场,2
剧院,2
半个,1
娱乐圈,1
贝店,1
828,1
造势,1
直逼,1
电商,1
银汉,1
15,1
嘉年华,1
做大,1
陆庆,1
两天,1
过山车,1
先涨,1
七成,1
特写,1
彩灯,1
元宵,1
开处,1
红妆,1
芝加哥,1
所谓,1
郑钧,1
整版,1
报纸,1
古天乐,1
46,1
容祖儿,1
吴君如,1
轮番,1
逼婚,1
王中磊,1
威廉,1
白衬衫,1
男神,1
浙江,1
庆上星,1
20,1
崔永元,1
三年,1
隐退,1
TVB,1
大姐,1
乐易玲,1
曾志伟,1
吴启华,1
补摆,1
寿宴,1
王者,1
澳门,1
黄金城,1
官网,1
黑彩,1
登录,1
斗牛,1
帝豪,1
网上,1
古巨基,1
对饮,1
赵薇,1
何书桓,1
如萍,1
重聚,1
苍井空,1
光棍,1
30,1
一起,1
脱光,1
武松,1
首播,1
亚军,1
张翰,1
版型,1
西门庆,1
吸睛,1
公开,1
证明,1
金秋,1
完婚,1
SING,1
女团,1
庆生会,1
同台,1
温岚顶,1
爆炸,1
家人,1
温馨,1
陪伴,1
王雅捷,1
范伟,1
恋爱,1
联手,1
欧阳震华,1
惨遭,1
麦长青,1
强吻,1
喜获,1
数十,1
美女,1
方大同,1
承认,1
薛凯琪,1
最好,1
朋友,1
相约,1
国美,1
年庆,1
彩电,1
让利,1
烟台,1
福彩,1
同心,1
添彩,1
彩友,1
公益行,1
暨首届,1
彩友季,1
启动,1
仪式,1
番禺,1
主张,1
龙星翔鹏,1
动物,1
管理局,1
评分,1
再度,1
提升,1
二刷,1
都市,1
寓言故事,1
6.22,1
广汽传祺,1
长盛,1
店焕,1
瞬间,1
奇葩,1
马剑越,1
酒吧,1
老板,1
闪婚,1
台湾,1
通过,1
同婚法,1
日不落,1
婚礼,1
歌曲,1
郑秀文,1
许志安,1
爱犬,1
原谅,1
到底,1
袁咏仪,1
照庆,1
母亲,1
70,1
童颜,1
遗传,1
外婆,1
基因,1
江苏,1
佳节,1
红火,1
喜庆,1
年味,1
安妮斯顿,1
前夫,1
皮特,1
现身,1
有望,1
复合,1
幸福,1
多彩,1
华润,1
万象,1
即将,1
网成,1
假日,1
地标,1
新型,1
综合体,1
橙天,1
国际,1
影城,1
开业庆典,1
UPARK,1
公园,1
盛大举行,1
天天向上,1
开播,1
田源,1
兄弟,1
聚首,1
艾香时,1
濮存昕,1
惠若琪,1
共庆,1
五彩,1
端午,1
中原,1
制药厂,1
庆六,1
一系列,1
莱西市,1
新起点,1
文艺,1
汇演,1
文旅部,1
严查,1
表演,1
市场,1
制作,1
排查,1
重点,1
五月天,1
小号,1
质疑,1
假粉,1
冠军,1
七台河,1
书写,1
华章,1
流光溢彩,1
贾乃亮,1
全家福,1
甜馨,1
变美,1
大亨,1
洗米,1
华陪,1
正宫,1
发声,1
暗讽,1
小山,1
庆一郎,1
解释,1
双眼皮,1
原因,1
否认,1
整容,1
传闻,1
今年,1
推出,1
七大,1
头奖,1
星战,1
40,1
回顾,1
传承,1
不仅仅,1
大乐透,1
亿大派,1
来袭,1
独家,1
吴佩慈,1
亿买龙,1
婆婆,1
八星,1
酒店,1
开业,1
罗晋,1
戏中戏,1
破冰,1
剧组,1
套路,1
赵丽颖庆,1
29,1
会场,1
布置,1
十足,1
公主,1
马丽,1
话剧,1
不停,1
惊艳,1
尖叫,1
释小龙,1
小丑,1
电视剧,1
突围,1
杀青,1
张铎,1
娘亲,1
舅大,1
开机,1
习辛,1
合作,1
年代,1
范潮舅,1
邓紫棋,1
笑称,1
自己,1
日常,1
皮裤,1
围观,1
权志龙,1
帝都,1
二环,1
GD,1
王思聪要,1
吴亦凡,1
介绍,1
对象,1
不要,1
圈内,1
女生,1
孙菲菲,1
现在,1
这样,1
僵硬,1
笑容,1
看着,1
尴尬,1
唐人,1
挂牌,1
三板,1
深度,1
发掘,1
潜在,1
价值,1
联众,1
发布,1
LOGO,1
思维,1
发力,1
全球,1
产业,1
建华,1
代言,1
西装,1
十分,1
低俗,1
直播,1
包装,1
性感,1
主播,1
烧钱,1
爆款,1
战国时期,1
女性,1
形象,1
王微,1
直面,1
门神,1
争议,1
大圣,1
不是,1
一路,1
组织,1
提前,1
泄露,1
片源,1
道歉,1
恶人,1
伟大,1
版权,1
发表声明,1
郑晓龙,1
住手,1
先生,1
坚守,1
被叫,1
形态,1
创新,1
获点,1
赵本山,1
亲自,1
下厨,1
炖鱼,1
犒劳,1
弟子,1
济南,1
各大,1
商场,1
血拼,1
全攻略,1
就要,1
买买,1
开始,1
本周,1
进行,1
测试,1
大陆,1
克拉,1
恋人,1
实习生,1
赵丽颖,1
唐嫣,1
荧屏,1
郎朗,1
法国,1
奏响,1
蓝狂,1
登顶,1
铁塔,1
中国艺术研究院,1
院长,1
文章,1
保利,1
艺术,1
博物馆,1
李庆,1
水彩画,1
缤纷多彩,1
张歆艺,1
袁弘,1
恩爱,1
男方,1
玫瑰,1
李易峰,1
生日会,1
张靓颖,1
助阵,1
合唱,1
何以,1
笙箫,1
小红狂,1
相亲,1
称帝,1
封帝,1
_...,1
手机,1
大众网,1
客户端,1
福建,1
刮出,1
大奖,1
海口,1
元中,1
中奖,1
彩站,1
火爆,1
增加,1
羁绊,1
温碧霞,1
养子,1
照显,1
母爱,1
美颜,1
自拍,1
引点,1
爷孙,1
富商,1
派对,1
77,1
获众,1
女伴,1
相陪,1
李小璐,1
爸爸,1
年轻,1
帅照,1
父女情,1
深惹,1
人羡,1
巨人,1
网络,1
全区,1
更新,1
公告,1
微视,1
大地,1
乐团,1
主唱,1
踢馆,1
庞龙,1
幻想曲,1
酒宴,1
国内,1
档期,1
海报,1
正式,1
公布,1
尼泊尔,1
灯节,1
乌鸦,1
庆功会,1
搜狐,1
五大,1
纪录,1
天海,1
出院,1
参加,1
母校,1
百年,1
36,1
何妤,1
豪门,1
老公,1
亲吻,1
超萌,1
白虎,1
全民,1
星辰,1
一周年,1
翻天,1
图文,1
漫天,1
金彩,1
MBCMusic,1
成立,1
大雪,1
光腿,1
走红,1
倾世,1
皇妃,1
赚钱,1
回乡,1
拜山,1
买彩,1
喜中,1
双色球,1
送豪礼,1
山东,1
独享,1
湖北,1
激情,1
唱红,1
十一,1
倾力,1
重阳,1
七天,1
苏州,1
乐园,1
迎来,1
民谣,1
路上,1
巡演,1
陈珊妮,1
洋装,1
闪亮,1
现场,1
john,1
许廷,1
撇下,1
绯闻,1
张敬轩,1
带女,1
灯谜,1
林志玲,1
腾讯,1
公益,1
节日,1
团圆,1
谢霆锋,1
庆生日,1
张柏芝,1
上学,1
谢婷婷,1
盼见,1
已买,1
礼物,1
侄儿,1
邹市,1
三胎,1
若得,1
取名,1
邹明灿,1
妻子,1
冉莹颖,1
甜蜜,1
本山,1
庆典暨,1
首映礼,1
播出,1
赌王,1
情人节,1
穿梭,1
各房,1
太太,1
暗示,1
真心,1
票房,1
亿办,1
精武,1
风云,1
007,1
电影,1
黄义,1
来京,1
高调,1
计划,1
发片,1
谁家,1
成迷,1
陈好作,1
貂蝉,1
漫画,1
三国,1
二轮,1
热播,1
黄岳泰,1
片场,1
刘亦菲,1
连夜,1
红酒,1
拥抱,1
全城,1
戒备,1
集体,1
郭富城,1
激吻,1
邹兆龙,1
Super,1
Junior,1
销量,1
万张,1
成员,1
大肆,1
王小帅,1
难忘,1
斥资,1
游轮,1
热波,1
音乐节,1
高潮迭起,1
数万,1
观众,1
张震岳,1
东莞,1
广播,1
电视台,1
五周年,1
隆重举行,1
猫王,1
诞辰,1
75,1
举办,1
各种,1
形式,1
郭晶晶,1
展场,1
风采,1
结束,1
展览,1
撤离,1
最后,1
展示,1
教练机,1
梯队,1
天安门,1
上空,1
彩色,1
烟带,1
孩子,1
挥动,1
国旗,1
路边,1
市民,1
致意,1
组装,1
集结,1
人性,1
设计,1
内部,1
加装,1
厕所,1
深入,1
工体,1
探寻,1
台前幕后,1
游行,1
初露,1
芳容,1
60,1
所有,1
汇总,1
世界,1
高层论坛,1
开幕,1
湖南,1
频道,1
八周年,1
台庆,1
宣传片,1
翡翠,1
歌星,1
贺台庆,1
刘德华,1
黎明,1
共唱,1
金曲,1
综合,1
中心,1
