捕鱼,207
游戏,143
平台,122
娱乐,45
手机,40
星力,34
电玩,24
打鱼,19
下载,17
代理,13
网络,12
网上,12
正版,12
注册,10
在线,10
2019,9
棋牌,9
免费,9
现金,9
官网,7
首页,7
移动,7
诚信,6
上班,6
不如,6
资讯,5
网站,5
正规,5
最新,5
网页,5
客服,5
动漫,5
香港,5
中心,4
网址,4
文章,4
制作,4
指南,4
微信,4
神人,4
科技,4
信誉,4
大鱼,4
云海,4
大全,4
万炮,4
开发,3
娱乐城,3
动态,3
好玩,3
街机,3
摇钱树,3
有限公司,3
排行榜,3
一条,3
10000,3
兑换,3
加盟,3
金币,3
K3K,3
澳门,3
真钱,3
礼包,2
千炮,2
更新,2
推荐,2
赚钱,2
真实,2
火爆,2
安卓,2
九代,2
游乐,2
乐吧,2
昊景,2
送分,2
真金,2
提现,2
线上,2
广州,2
检测,2
线路,2
牛魔王,2
城星力,2
登录,2
QQ,2
版真,2
煤价,2
下跌,2
激发,2
手游,2
全天,2
网站大全,2
无限,2
宝博,2
富豪,1
腾讯,1
应用,1
集结,1
全新,1
唯一,1
九九,1
边玩,1
一天,1
轻松,1
100,1
43626,1
多少,1
最靠,1
18,1
皇庭,1
全民,1
经典,1
安全,1
上网,1
导航,1
app,1
人气,1
更旺,1
更好,1
城招,1
火凤凰,1
打渔,1
那个,1
爆只,1
金龟,1
鱼值,1
9000,1
送彩金,1
新浪,1
体育,1
网络平台,1
电子游戏,1
欢迎光临,1
南京,1
开越,1
哪些,1
游戏吧,1
电脑,1
百事,1
豆瓣,1
玩钱,1
手机游戏,1
网络版,1
大厅,1
哪个,1
详细,1
介绍,1
24,1
小时,1
湖北,1
3D,1
kan300,1
com,1
竞技,1
金沙,1
老虎机,1
建湖,1
论坛,1
个体经营,1
沈阳,1
创胜,1
公司,1
AG,1
真人,1
江阴,1
橡胶,1
个体,1
三只,1
猴子,1
官方,1
更火,1
上下,1
红桃,1
传媒,1
职业,1
学院,1
6482,1
游侠,1
大圣,1
杰米,1
问答,1
技巧,1
下分,1
体验,1
社会,1
新闻,1
多特,1
软件,1
齐全,1
地址,1
尼萌手,1
游网,1
下载安装,1
V1,1
66,1
游戏网,1
综合,1
查询,1
2017,1
站网,1
百度,1
