新火,101
娱乐,84
平台,75
下载,16
注册,14
登录,13
1990,11
测速,6
官网,5
网址,4
巅峰,4
直营,4
网站,4
新宝,3
GG,3
v1.3,3
app,2
棋牌,2
游戏网,2
1958,2
1999,2
游戏,2
彩票,2
中性点,2
论坛,2
制作,2
指南,2
官方,2
2019,2
专业,2
客户端,2
天天,2
反水,2
登陆,2
UNSD,2
安全,1
正式版,1
v4.5,1
4355,1
钻石,1
水果盘,1
来自,1
法国,1
高端,1
天然,1
护肤品,1
牌新火,1
官方网,1
亲子,1
彩票网,1
亚洲,1
怎么,1
必火,1
网上,1
最火,1
新火直,1
微机,1
消谐,1
发电机,1
接地,1
电阻,1
变压器,1
白菜,1
汇率,1
首页,1
质检,1
安卓版,1
v1.6,1
游迅,1
微软,1
唯一,1
搭建,1
幸福,1
娱乐网,1
财神,1
5577,1
安卓网,1
影视歌曲,1
影视资讯,1
第一,1
音响,1
法甲,1
里尔,1
最新,1
水浒,1
英雄,1
66,1
1.1%,1
乐游网,1
软件,1
邵阳,1
新闻,1
在线,1
纹身,1
华企,1
黄页网,1
1.8%,1
95692,1
规则,1
9.9,1
五年级,1
数学,1
可能性,1
20190613G,1
双喜,1
熊猫,1
中国,1
测绘局,1
尊龙,1
网页,1
仙鸣,1
取款,1
惊喜,1
开户,1
united,1
nations,1
statistics,1
division,1
Welcome,1
to,1
主管,1
bdm,1
商路,1
重庆,1
www,1
xhdsd8,1
com,1
综合,1
查询,1
新火大,1
时代,1
站网,1
易彩,1
体育,1
