娱乐,237
平台,98
金城,95
千金,88
网站,44
注册,39
下载,38
首页,37
官网,26
制作,26
指南,26
棋牌,25
游戏,19
登录,16
app,15
龙门,13
官方,12
网址,12
开户,11
手机,10
2019,7
有限公司,7
体育,6
国际,6
com,6
聚星,6
登陆,5
v1.0,5
百度,5
中心,5
彩票,4
动态,4
手游网,4
休闲,4
澳门,4
娱乐场,4
入口,4
辅助,4
APP,4
代理,4
凯发,4
方大,4
BBIN,3
用户注册,3
招商,3
怎么样,3
大厅,3
集团,3
永利,3
官方网站,3
专业,3
正规,3
9K9K,3
指定,3
手游,3
论坛,3
cn,3
实力,3
赌场,3
网上,3
安卓版,3
黄金城,3
模板,3
沙龙,3
授权,2
黄页网,2
www,2
查询,2
骗局,2
恋爱,2
问答,2
欢迎您,2
客户端,2
资讯,2
自助,2
什么,2
最新版,2
真的假,2
w88,2
优德,2
娱乐城,2
中文版,2
知道,2
娱乐场所,2
信息,2
qd8,2
推荐,2
登峰,2
电子,2
腾讯,2
安卓,2
155744,2
专栏,2
系统,2
源码,2
出品,2
排行,2
万达,2
终于,2
找到,2
攻略,2
_...,2
菲达,2
天堂,2
918,2
皇冠,2
net,2
免费,2
深圳市,2
禅游,2
科技股份,2
369,2
娱乐吧,2
HR,2
品牌,2
微山县,2
北京,2
天王,2
大洋,2
老汉,2
跪求,2
仓库,1
华企,1
一站式,1
12999,1
数学网,1
十大,1
59,1
体验,1
复制,1
打开,1
www.668,1
ba,1
sy,1
sc,1
综合,1
站网,1
麒麟,1
权威,1
ScottFabian,1
投注,1
完整版,1
可信,1
可爱,1
刺客,1
天天,1
备用,1
十佳,1
Welcome,1
To,1
在线,1
威客,1
黄金,1
建网站,1
大牛,1
免息,1
文学,1
沈阳,1
金诚,1
公司,1
这里,1
名称,1
主页,1
万事达,1
图片素材,1
宝库,1
移动,1
版安卓,1
游乐,1
迷你,1
正天,1
气象,1
常识,1
下载安装,1
直播,1
最佳,1
一下,1
直销,1
信誉第一,1
ag,1
11773,1
软件,1
合法,1
百姓,1
葡京,1
红热,1
HOME,1
吉原,1
盛峰,1
游艺,1
新浪,1
我怕,1
失去,1
隐私,1
尊严,1
巴士,1
福岛,1
八方,1
图库,1
信誉,1
盛游,1
系列,1
mb10,1
第一,1
交易平台,1
A7,1
现金,1
红包,1
源博,1
怎样,1
头发,1
蓬松,1
发型,1
图片网,1
无极,1
荣耀,1
太仓,1
视窗,1
云彩,1
MG,1
视讯,1
稳定,1
翻本,1
79,1
创业网,1
阿拉丁,1
安装,1
菜鸟,1
排序,1
一月,1
吸粉,1
百万,1
月入,1
千万,1
秘籍,1
商路,1
全网,1
作弊,1
新闻,1
倩女幽魂,1
hao,1
huijucn,1
好看,1
动漫,1
名宇,1
银丰,1
知名,1
v1.2,1
家园,1
官方版,1
合集,1
多特,1
金服加,1
微信,1
然后,1
申请,1
流程,1
简单,1
但是,1
恒赢,1
能源,1
股份,1
古代,1
埃及,1
博客,1
淘股,1
豪杰,1
性感,1
女仆,1
南海,1
KG,1
旅游,1
启程,1
旅游网,1
顺风,1
极速,1
女神,1
异闻录,1
百科,1
AB,1
织梦,1
dede,1
adminbuy,1
金嚼,1
邹区,1
素林,1
18luck,1
慕斯,1
股东,1
UNINE,1
成团,1
ju11,1
九州,1
MP4,1
送彩金,1
名人,1
金彩,1
玩家,1
福星,1
语音,1
百万富翁,1
赛尔,1
bt365,1
k8,1
总代,1
华美,1
好玩,1
正式版,1
hr,1
业内,1
良心,1
南京,1
鼎鑫,1
房屋,1
租赁,1
合同纠纷,1
大富翁,1
金花,1
账户,1
总代理,1
深圳,1
耿马,1
孟定,1
联系方式,1
信用,1
报告,1
工商,1
中国,1
网库,1
圆梦,1
一路,1
发财,1
马克,1
必属,1
精品,1
陕西,1
西安,1
建筑,1
科技,1
2134,1
小游戏,1
生活,1
www.2134,1
参加,1
诗词,1
大会,1
主播,1
川大无臂,1
学子,1
用脚,1
创业,1
时代,1
为了,1
温迪,1
自己,1
高清,1
第六,1
久丰,1
57577,1
交通银行,1
兰州,1
餐饮,1
急聘,1
前厅,1
服务员,1
工作,1
影逝,1
二度,1
汉化,1
补丁,1
修改器,1
MOD,1
游侠网,1
斗牛,1
瑞士,1
贤者,1
之石,1
万博,1
英文名,1
97729j,1
home,1
88,1
必发,1
龙虎,1
文化,1
腾讯网,1
演艺圈,1
唯一,1
没有,1
绯闻,1
明星,1
为什,1
级新生,1
开学典礼,1
讲话,1
中信,1
提现,1
学院,1
大学,1
欢迎,1
入网,1
16,1
高处,1
坠落,1
事故,1
调查报告,1
安全,1
管理,1
新世纪,1
路线,1
模版,1
买鞋,1
线路,1
检测,1
脚控,1
泛见志,1
豆瓣,1
导航,1
热词名称,数量
金城,8
娱乐,5
官网,2
棋牌,2
彩票,2
专访,1
代旭,1
北京,1
小爷,1
闯敢,1
真性情,1
兰州,1
创城,1
文艺,1
展演,1
走进,1
公园,1
张萌,1
情定,1
三生,1
再演,1
民国,1
年代,1
造型,1
惊艳,1
十足,1
40,1
金城武,1
神隐,1
生活,1
曝光,1
醉心,1
中医,1
易经,1
下载,1
十大,1
平台,1
app,1
注册,1
用户注册,1
59,1
体验,1
国际,1
热词名称,数量
金城,8
娱乐,5
官网,2
棋牌,2
彩票,2
专访,1
代旭,1
北京,1
小爷,1
闯敢,1
真性情,1
兰州,1
创城,1
文艺,1
展演,1
走进,1
公园,1
张萌,1
情定,1
三生,1
再演,1
民国,1
年代,1
造型,1
惊艳,1
十足,1
40,1
金城武,1
神隐,1
生活,1
曝光,1
醉心,1
中医,1
易经,1
下载,1
十大,1
平台,1
app,1
注册,1
用户注册,1
59,1
体验,1
国际,1
