热词名称,数量
综艺,21
最火,16
娱乐,9
先火,8
中国,6
新火,6
火遍,6
带火,6
网友,6
未播,5
见字,5
如面,5
爆火,4
综艺节目,4
这样,4
鲜肉,4
测速,4
必火,4
不火,4
爆款,4
这些,4
优酷,4
开机,4
角色,4
我们,4
小时,4
有多火,4
知道,4
京报,4
汉字,4
听写,4
大会,4
文化,4
偶像,3
练习生,3
到底,3
20,3
平台,3
电影,3
娱乐圈,3
粉丝,3
火到,3
营销,3
热播,3
国外,3
之火,3
如今,3
一个,3
最红,3
土豆,3
独播,3
元宵,3
三档,3
节目,3
哪台,3
可能,3
当年,3
当代,3
歌坛,3
真心,3
英雄,3
迟到,3
延迟,3
播出,3
每天,3
24,3
拍摄,3
15,3
已火,3
熊出没,3
曝新,3
雪熊,3
萌物圈,3
庞龙,3
出任,3
微视,3
声音,3
导师,3
预测,3
莫愁,3
第二,3
白发,3
魔女传,3
热情,3
支招,3
古装,3
青春偶像,3
女人,3
驴火,2
选秀,2
现在,2
开播,2
巅峰,2
下载,2
亚洲,2
直营,2
原因,2
起来,2
火网,2
喜剧,2
市场,2
专访,2
腾讯,2
演绎,2
华为,2
P30,2
女明星,2
入手,2
一线,2
告诉,2
价值,2
这个,2
就是,2
海外,2
释小龙,2
电视剧,2
小戏,2
义勇,2
筹备,2
化身,2
童星,2
一次,2
什么,2
成都,2
莫文蔚,2
三昧,2
白骨,2
火族,2
盘点,1
分钟,1
入坑,1
承办,1
世界,1
少儿,1
超模,1
大赛,1
女主播,1
而今,1
常常,1
醉酒,1
哭泣,1
样子,1
日本,1
网站,1
独特,1
夸张,1
解说,1
惊现,1
海涛,1
热干面,1
火爆,1
迎来,1
强大,1
评委,1
目瞪口呆,1
自动,1
排队,1
不过,1
奇葩,1
完成,1
逆袭,1
之后,1
一档,1
参赛选手,1
徐坤,1
这么,1
实力,1
怎样,1
竟然,1
刚刚,1
没有,1
徐坤成,1
流量,1
担当,1
播放,1
直逼,1
官网,1
登录,1
网址,1
怎么,1
注册,1
1999,1
网上,1
棋牌,1
游戏,1
彩票,1
新火直,1
快乐,1
大本营,1
为什么,1
三大,1
不得,1
不服,1
妈妈,1
超人,1
难成,1
萌娃,1
还会火,1
这部,1
山寨,1
韩版,1
的确,1
好看,1
过去,1
一年,1
没法,1
整个,1
好奇心,1
2016,1
小小,1
主持人,1
老猫,1
探寻,1
神曲,1
创作,1
秘籍,1
硬核,1
合家欢,1
音乐,1
剖析,1
流浪,1
地球,1
泰剧,1
逐月,1
纯情,1
校草,1
之恋,1
Pro,1
系列,1
当红,1
张嘉倪,1
扒出,1
往事,1
秦岚下,1
高台,1
方中信,1
首日,1
100,1
人气,1
榜样,1
赖冠霖,1
国内,1
亮相,1
交出,1
漂亮,1
成绩单,1
数据,1
热巴,1
朱一龙,1
创造,1
101,1
最有,1
实测,1
神奇,1
护肤品,1
商业,1
还是,1
真实有效,1
灌篮,1
模式,1
版权,1
福克斯,1
买下,1
原创,1
对唱,1
周六,1
现场,1
嘀嗒,1
出行,1
联合,1
一张,1
电影票,1
炒到,1
上千,1
影节,1
果然,1
小偷,1
家族,1
街舞,1
跳进,1
风口,1
舞者,1
身价,1
攀升,1
武动,1
乾坤,1
变火莽,1
细心,1
揣摩,1
人兽,1
转换,1
数十部,1
没红,1
谈个,1
恋爱,1
师弟,1
红楼梦,1
贾宝玉,1
火烽,1
积极,1
作品,1
佳音,1
三番两次,1
量头围,1
力证,1
不输,1
刘烨,1
射雕,1
英雄传,1
暑假,1
霸屏,1
杨旭,1
文火,1
警察,1
锅哥,1
原著,1
余罪,1
小说,1
郭艳,1
追婚,1
男女,1
火凤凰,1
金凤凰,1
足球,1
完美,1
收官,1
范志毅,1
感言,1
踢球,1
脾气,1
火之歌,1
长大,1
亭亭玉立,1
侠客行,1
马羚,1
武侠,1
经典,1
猩球,1
崛起,1
揭秘,1
可爱,1
女孩,1
人性,1
依依,1
楚乔传,1
女奴,1
赵丽颖,1
复仇,1
李小璐,1
甜馨,1
夫妻,1
贾乃亮,1
没管,1
读者,1
人文,1
虽火,1
不能,1
代替,1
阅读,1
李玉刚,1
美国,1
演唱会,1
获封,1
杰出,1
艺术家,1
顾长卫,1
导演,1
新片,1
飞火流星,1
聚焦,1
青春,1
成龙,1
看看,1
记录,1
金志,1
新曲,1
迷途,1
之光,1
首播,1
暗夜,1
燃起,1
光明,1
理想,1
三旬,1
民谣,1
孵化器,1
杨舒,1
同行,1
火线,1
出击,1
真实,1
人心,1
百草,1
植入,1
大火,1
经历,1
谢帝,1
这才,1
组图,1
年前,1
现身,1
无人,1
了不起,1
菲丽西,1
特辑,1
朝阳,1
大妈,1
抗霾,1
舞火,1
如懿传,1
新年,1
合照,1
经超,1
聚会,1
头条,1
影业,1
首将,1
兔斯基,1
改编,1
周岁,1
生日,1
上线,1
3D,1
表情,1
鬼怪,1
荧幕,1
歌谣,1
出版,1
各界,1
high,1
反击,1
浴火重生,1
第五,1
全新,1
阵容,1
续订,1
华晨,1
宇演,1
美猴王,1
称用,1
打分,1
papi,1
酱罗辑,1
思维,1
分手,1
变现,1
小童,1
退圈,1
清华,1
潘礼平,1
预料到,1
白蛇传,1
会火,1
火秀,1
TFBOYS,1
可遇,1
不可,1
互联网,1
造星,1
机会,1
腰部,1
艺人,1
特朗普,1
无心插柳,1
骂人,1
言论,1
珍妮,1
杰克逊,1
老歌,1
处女作,1
主演,1
李安,1
重磅,1
小伙子,1
白举,1
开唱,1
专受,1
追捧,1
出演,1
潘金莲,1
44,1
颜值,1
暴跌,1
存照,1
火过,1
老外,1
好红,1
艾美奖,1
火热,1
明星阵容,1
多位,1
数次,1
拿奖,1
周杰伦,1
哈林,1
声援,1
TGG,1
主唱,1
吴映,1
组合,1
布丽,1
拉尔森,1
威特,1
自由,1
发布,1
预告片,1
赵雅芝,1
驻颜有术,1
交换,1
傅园慧,1
无奈,1
不当,1
明星,1
因为,1
自己,1
接地,1
青云,1
正魔,1
聚齐,1
李易峰,1
重获,1
烧火棍,1
期待,1
薛之谦,1
已经,1
火成,1
活动,1
临时,1
取消,1
亚信,1
自称,1
老大,1
套路,1
哥哥,1
暗算,1
方脸,1
女演员,1
冬冬,1
成名,1
堪称,1
励志,1
幻城,1
王子,1
姜潮,1
华丽,1
来袭,1
多少,1
可以,1
因好,1
剧本,1
情节,1
杨丞琳,1
恩爱,1
火冒三丈,1
陈妍希,1
热吻,1
示威,1
网播,1
越来越,1
品牌,1
几何,1
侯鸿亮,1
欢乐颂,1
冒险,1
没想到,1
